model_10,sddsdd,hhh,jjj,kkkyy,lyhshdhdhhh93546,lope39240,,shdhf,kdkg
model_27,hshdhdhhh93546,lope39240,,shdhf,kdkg
model_31,hshdhdhhh93546,lope39240,,shdhf,kdkg
model_42,ghjhjdhdhhh93546,lope39240,,shdhf,kdkg
model_25,ghjhjdhdh,kg
model_2,my,image,text,lope39240,,shdhf,kdkg

model_2,my,image,text,lope39240,,shdhf,kdkg

model_2,my,image,text,lope39240,,shdhf,kdkg

model_2,my,image,text,lope39240,,shdhf,kdkg


model_2,my,image,text,lope39240,,shdhf,kdkg

model_2,my,image,text,lope39240,,shdhf,kdkg

model_2,my,image,text,lope39240,,shdhf,kdkg